FREQ,REF_AREA,CURRENCY,COLLECTION,TIME_PERIOD,OBS_VALUE
M,IN,INR,E,1957-01,4.785
M,IN,INR,E,1957-02,4.785
M,IN,INR,E,1957-03,4.8
M,IN,INR,E,1957-04,4.798
M,IN,INR,E,1957-05,4.798
M,IN,INR,E,1957-06,4.793
M,IN,INR,E,1957-07,4.805
M,IN,INR,E,1957-08,4.81
M,IN,INR,E,1957-09,4.793
M,IN,INR,E,1957-10,4.785
M,IN,INR,E,1957-11,4.773
M,IN,INR,E,1957-12,4.77
M,IN,INR,E,1958-01,4.755
M,IN,INR,E,1958-02,4.76
M,IN,INR,E,1958-03,4.753
M,IN,INR,E,1958-04,4.75
M,IN,INR,E,1958-05,4.753
M,IN,INR,E,1958-06,4.775
M,IN,INR,E,1958-07,4.77
M,IN,INR,E,1958-08,4.778
M,IN,INR,E,1958-09,4.77
M,IN,INR,E,1958-10,4.77
M,IN,INR,E,1958-11,4.773
M,IN,INR,E,1958-12,4.78
M,IN,INR,E,1959-01,4.765
M,IN,INR,E,1959-02,4.763
M,IN,INR,E,1959-03,4.755
M,IN,INR,E,1959-04,4.753
M,IN,INR,E,1959-05,4.76
M,IN,INR,E,1959-06,4.758
M,IN,INR,E,1959-07,4.763
M,IN,INR,E,1959-08,4.768
M,IN,INR,E,1959-09,4.778
M,IN,INR,E,1959-10,4.77
M,IN,INR,E,1959-11,4.778
M,IN,INR,E,1959-12,4.783
M,IN,INR,E,1960-01,4.778
M,IN,INR,E,1960-02,4.775
M,IN,INR,E,1960-03,4.768
M,IN,INR,E,1960-04,4.765
M,IN,INR,E,1960-05,4.775
M,IN,INR,E,1960-06,4.77
M,IN,INR,E,1960-07,4.765
M,IN,INR,E,1960-08,4.763
M,IN,INR,E,1960-09,4.763
M,IN,INR,E,1960-10,4.758
M,IN,INR,E,1960-11,4.765
M,IN,INR,E,1960-12,4.773
M,IN,INR,E,1961-01,4.773
M,IN,INR,E,1961-02,4.79
M,IN,INR,E,1961-03,4.783
M,IN,INR,E,1961-04,4.788
M,IN,INR,E,1961-05,4.795
M,IN,INR,E,1961-06,4.8
M,IN,INR,E,1961-07,4.793
M,IN,INR,E,1961-08,4.773
M,IN,INR,E,1961-09,4.758
M,IN,INR,E,1961-10,4.758
M,IN,INR,E,1961-11,4.755
M,IN,INR,E,1961-12,4.765
M,IN,INR,E,1962-01,4.76
M,IN,INR,E,1962-02,4.755
M,IN,INR,E,1962-03,4.758
M,IN,INR,E,1962-04,4.76
M,IN,INR,E,1962-05,4.765
M,IN,INR,E,1962-06,4.768
M,IN,INR,E,1962-07,4.773
M,IN,INR,E,1962-08,4.78
M,IN,INR,E,1962-09,4.78
M,IN,INR,E,1962-10,4.778
M,IN,INR,E,1962-11,4.775
M,IN,INR,E,1962-12,4.775
M,IN,INR,E,1963-01,4.775
M,IN,INR,E,1963-02,4.775
M,IN,INR,E,1963-03,4.783
M,IN,INR,E,1963-04,4.78
M,IN,INR,E,1963-05,4.78
M,IN,INR,E,1963-06,4.78
M,IN,INR,E,1963-07,4.78
M,IN,INR,E,1963-08,4.783
M,IN,INR,E,1963-09,4.785
M,IN,INR,E,1963-10,4.785
M,IN,INR,E,1963-11,4.785
M,IN,INR,E,1963-12,4.785
M,IN,INR,E,1964-01,4.785
M,IN,INR,E,1964-02,4.785
M,IN,INR,E,1964-03,4.785
M,IN,INR,E,1964-04,4.78
M,IN,INR,E,1964-05,4.785
M,IN,INR,E,1964-06,4.795
M,IN,INR,E,1964-07,4.8
M,IN,INR,E,1964-08,4.8
M,IN,INR,E,1964-09,4.81
M,IN,INR,E,1964-10,4.808
M,IN,INR,E,1964-11,4.798
M,IN,INR,E,1964-12,4.795
M,IN,INR,E,1965-01,4.793
M,IN,INR,E,1965-02,4.79
M,IN,INR,E,1965-03,4.793
M,IN,INR,E,1965-04,4.783
M,IN,INR,E,1965-05,4.793
M,IN,INR,E,1965-06,4.795
M,IN,INR,E,1965-07,4.795
M,IN,INR,E,1965-08,4.798
M,IN,INR,E,1965-09,4.78
M,IN,INR,E,1965-10,4.775
M,IN,INR,E,1965-11,4.775
M,IN,INR,E,1965-12,4.775
M,IN,INR,E,1966-01,4.775
M,IN,INR,E,1966-02,4.78
M,IN,INR,E,1966-03,4.79
M,IN,INR,E,1966-04,4.792
M,IN,INR,E,1966-05,4.795
M,IN,INR,E,1966-06,7.575
M,IN,INR,E,1966-07,7.576
M,IN,INR,E,1966-08,7.576
M,IN,INR,E,1966-09,7.576
M,IN,INR,E,1966-10,7.576
M,IN,INR,E,1966-11,7.576
M,IN,INR,E,1966-12,7.576
M,IN,INR,E,1967-01,7.57
M,IN,INR,E,1967-02,7.576
M,IN,INR,E,1967-03,7.559
M,IN,INR,E,1967-04,7.559
M,IN,INR,E,1967-05,7.564
M,IN,INR,E,1967-06,7.576
M,IN,INR,E,1967-07,7.576
M,IN,INR,E,1967-08,7.576
M,IN,INR,E,1967-09,7.576
M,IN,INR,E,1967-10,7.576
M,IN,INR,E,1967-11,7.508
M,IN,INR,E,1967-12,7.547
M,IN,INR,E,1968-01,7.536
M,IN,INR,E,1968-02,7.553
M,IN,INR,E,1968-03,7.564
M,IN,INR,E,1968-04,7.582
M,IN,INR,E,1968-05,7.622
M,IN,INR,E,1968-06,7.622
M,IN,INR,E,1968-07,7.587
M,IN,INR,E,1968-08,7.605
M,IN,INR,E,1968-09,7.587
M,IN,INR,E,1968-10,7.582
M,IN,INR,E,1968-11,7.582
M,IN,INR,E,1968-12,7.628
M,IN,INR,E,1969-01,7.61
M,IN,INR,E,1969-02,7.582
M,IN,INR,E,1969-03,7.576
M,IN,INR,E,1969-04,7.593
M,IN,INR,E,1969-05,7.553
M,IN,INR,E,1969-06,7.587
M,IN,INR,E,1969-07,7.582
M,IN,INR,E,1969-08,7.616
M,IN,INR,E,1969-09,7.61
M,IN,INR,E,1969-10,7.57
M,IN,INR,E,1969-11,7.57
M,IN,INR,E,1969-12,7.559
M,IN,INR,E,1970-01,7.547
M,IN,INR,E,1970-02,7.536
M,IN,INR,E,1970-03,7.536
M,IN,INR,E,1970-04,7.536
M,IN,INR,E,1970-05,7.547
M,IN,INR,E,1970-06,7.564
M,IN,INR,E,1970-07,7.587
M,IN,INR,E,1970-08,7.605
M,IN,INR,E,1970-09,7.593
M,IN,INR,E,1970-10,7.587
M,IN,INR,E,1970-11,7.587
M,IN,INR,E,1970-12,7.576
M,IN,INR,E,1971-01,7.502
M,IN,INR,E,1971-02,7.508
M,IN,INR,E,1971-03,7.502
M,IN,INR,E,1971-04,7.496
M,IN,INR,E,1971-05,7.502
M,IN,INR,E,1971-06,7.502
M,IN,INR,E,1971-07,7.502
M,IN,INR,E,1971-08,7.593
M,IN,INR,E,1971-09,7.559
M,IN,INR,E,1971-10,7.559
M,IN,INR,E,1971-11,7.559
M,IN,INR,E,1971-12,7.279
M,IN,INR,E,1972-01,7.279
M,IN,INR,E,1972-02,7.279
M,IN,INR,E,1972-03,7.279
M,IN,INR,E,1972-04,7.279
M,IN,INR,E,1972-05,7.279
M,IN,INR,E,1972-06,7.766
M,IN,INR,E,1972-07,7.742
M,IN,INR,E,1972-08,7.747
M,IN,INR,E,1972-09,7.838
M,IN,INR,E,1972-10,8.099
M,IN,INR,E,1972-11,8.062
M,IN,INR,E,1972-12,8.08
M,IN,INR,E,1973-01,8
M,IN,INR,E,1973-02,7.52
M,IN,INR,E,1973-03,7.55
M,IN,INR,E,1973-04,7.53
M,IN,INR,E,1973-05,7.39
M,IN,INR,E,1973-06,7.3
M,IN,INR,E,1973-07,7.49
M,IN,INR,E,1973-08,7.58
M,IN,INR,E,1973-09,7.75
M,IN,INR,E,1973-10,7.69
M,IN,INR,E,1973-11,8.06
M,IN,INR,E,1973-12,8.16
M,IN,INR,E,1974-01,8.55
M,IN,INR,E,1974-02,8.16
M,IN,INR,E,1974-03,7.81
M,IN,INR,E,1974-04,7.81
M,IN,INR,E,1974-05,7.87
M,IN,INR,E,1974-06,7.87
M,IN,INR,E,1974-07,7.87
M,IN,INR,E,1974-08,8.13
M,IN,INR,E,1974-09,8.06
M,IN,INR,E,1974-10,8.06
M,IN,INR,E,1974-11,8.06
M,IN,INR,E,1974-12,8.13
M,IN,INR,E,1975-01,8.13
M,IN,INR,E,1975-02,7.75
M,IN,INR,E,1975-03,7.75
M,IN,INR,E,1975-04,8
M,IN,INR,E,1975-05,8.1
M,IN,INR,E,1975-06,8.4
M,IN,INR,E,1975-07,8.51
M,IN,INR,E,1975-08,8.93
M,IN,INR,E,1975-09,8.94
M,IN,INR,E,1975-10,8.81
M,IN,INR,E,1975-11,9.09
M,IN,INR,E,1975-12,8.97
M,IN,INR,E,1976-01,8.91
M,IN,INR,E,1976-02,8.93
M,IN,INR,E,1976-03,8.97
M,IN,INR,E,1976-04,8.97
M,IN,INR,E,1976-05,9.3
M,IN,INR,E,1976-06,9.01
M,IN,INR,E,1976-07,8.97
M,IN,INR,E,1976-08,9.01
M,IN,INR,E,1976-09,8.85
M,IN,INR,E,1976-10,8.97
M,IN,INR,E,1976-11,8.93
M,IN,INR,E,1976-12,8.93
M,IN,INR,E,1977-01,8.81
M,IN,INR,E,1977-02,8.87
M,IN,INR,E,1977-03,8.82
M,IN,INR,E,1977-04,8.85
M,IN,INR,E,1977-05,8.83
M,IN,INR,E,1977-06,8.88
M,IN,INR,E,1977-07,8.73
M,IN,INR,E,1977-08,8.73
M,IN,INR,E,1977-09,8.73
M,IN,INR,E,1977-10,8.55
M,IN,INR,E,1977-11,8.62
M,IN,INR,E,1977-12,8.23
M,IN,INR,E,1978-01,8.1
M,IN,INR,E,1978-02,8.13
M,IN,INR,E,1978-03,8.33
M,IN,INR,E,1978-04,8.58
M,IN,INR,E,1978-05,8.44
M,IN,INR,E,1978-06,8.33
M,IN,INR,E,1978-07,7.97
M,IN,INR,E,1978-08,8.16
M,IN,INR,E,1978-09,7.97
M,IN,INR,E,1978-10,7.66
M,IN,INR,E,1978-11,8.33
M,IN,INR,E,1978-12,8.23
M,IN,INR,E,1979-01,8.29
M,IN,INR,E,1979-02,8.22
M,IN,INR,E,1979-03,8.16
M,IN,INR,E,1979-04,8.37
M,IN,INR,E,1979-05,8.16
M,IN,INR,E,1979-06,8.06
M,IN,INR,E,1979-07,7.96
M,IN,INR,E,1979-08,8.03
M,IN,INR,E,1979-09,8.07
M,IN,INR,E,1979-10,8.4
M,IN,INR,E,1979-11,8.03
M,IN,INR,E,1979-12,8
M,IN,INR,E,1980-01,8.06
M,IN,INR,E,1980-02,8.06
M,IN,INR,E,1980-03,8.22
M,IN,INR,E,1980-04,7.9
M,IN,INR,E,1980-05,7.75
M,IN,INR,E,1980-06,7.8
M,IN,INR,E,1980-07,7.8
M,IN,INR,E,1980-08,7.75
M,IN,INR,E,1980-09,7.75
M,IN,INR,E,1980-10,7.72
M,IN,INR,E,1980-11,7.82
M,IN,INR,E,1980-12,7.94
M,IN,INR,E,1981-01,8.1
M,IN,INR,E,1981-02,8.33
M,IN,INR,E,1981-03,8.27
M,IN,INR,E,1981-04,8.33
M,IN,INR,E,1981-05,8.48
M,IN,INR,E,1981-06,8.62
M,IN,INR,E,1981-07,9
M,IN,INR,E,1981-08,9.05
M,IN,INR,E,1981-09,9.12
M,IN,INR,E,1981-10,9.13
M,IN,INR,E,1981-11,9.12
M,IN,INR,E,1981-12,9.13
M,IN,INR,E,1982-01,9.14
M,IN,INR,E,1982-02,9.31
M,IN,INR,E,1982-03,9.35
M,IN,INR,E,1982-04,9.35
M,IN,INR,E,1982-05,9.39
M,IN,INR,E,1982-06,9.53
M,IN,INR,E,1982-07,9.56
M,IN,INR,E,1982-08,9.63
M,IN,INR,E,1982-09,9.71
M,IN,INR,E,1982-10,9.71
M,IN,INR,E,1982-11,9.74
M,IN,INR,E,1982-12,9.62
M,IN,INR,E,1983-01,9.91
M,IN,INR,E,1983-02,9.96
M,IN,INR,E,1983-03,10.02
M,IN,INR,E,1983-04,10
M,IN,INR,E,1983-05,9.98
M,IN,INR,E,1983-06,10.09
M,IN,INR,E,1983-07,10.14
M,IN,INR,E,1983-08,10.22
M,IN,INR,E,1983-09,10.2
M,IN,INR,E,1983-10,10.29
M,IN,INR,E,1983-11,10.42
M,IN,INR,E,1983-12,10.49
M,IN,INR,E,1984-01,10.76
M,IN,INR,E,1984-02,10.69
M,IN,INR,E,1984-03,10.76
M,IN,INR,E,1984-04,10.93
M,IN,INR,E,1984-05,11.05
M,IN,INR,E,1984-06,11.22
M,IN,INR,E,1984-07,11.55
M,IN,INR,E,1984-08,11.6
M,IN,INR,E,1984-09,11.92
M,IN,INR,E,1984-10,12.12
M,IN,INR,E,1984-11,12.29
M,IN,INR,E,1984-12,12.38
M,IN,INR,E,1985-01,12.67
M,IN,INR,E,1985-02,12.93
M,IN,INR,E,1985-03,12.2
M,IN,INR,E,1985-04,12.43
M,IN,INR,E,1985-05,12.47
M,IN,INR,E,1985-06,12.4
M,IN,INR,E,1985-07,11.8
M,IN,INR,E,1985-08,11.96
M,IN,INR,E,1985-09,11.97
M,IN,INR,E,1985-10,12.05
M,IN,INR,E,1985-11,12.05
M,IN,INR,E,1985-12,12.11
M,IN,INR,E,1986-01,12.34
M,IN,INR,E,1986-02,12.27
M,IN,INR,E,1986-03,12.31
M,IN,INR,E,1986-04,12.3
M,IN,INR,E,1986-05,12.77
M,IN,INR,E,1986-06,12.42
M,IN,INR,E,1986-07,12.58
M,IN,INR,E,1986-08,12.54
M,IN,INR,E,1986-09,12.77
M,IN,INR,E,1986-10,12.98
M,IN,INR,E,1986-11,13.1
M,IN,INR,E,1986-12,13.12
M,IN,INR,E,1987-01,13.04
M,IN,INR,E,1987-02,13.05
M,IN,INR,E,1987-03,12.94
M,IN,INR,E,1987-04,12.65
M,IN,INR,E,1987-05,12.84
M,IN,INR,E,1987-06,12.89
M,IN,INR,E,1987-07,13.11
M,IN,INR,E,1987-08,13.05
M,IN,INR,E,1987-09,13.11
M,IN,INR,E,1987-10,12.99
M,IN,INR,E,1987-11,12.89
M,IN,INR,E,1987-12,12.75
M,IN,INR,E,1988-01,13.08
M,IN,INR,E,1988-02,13.06
M,IN,INR,E,1988-03,12.96
M,IN,INR,E,1988-04,13.21
M,IN,INR,E,1988-05,13.47
M,IN,INR,E,1988-06,14.07
M,IN,INR,E,1988-07,14.17
M,IN,INR,E,1988-08,14.36
M,IN,INR,E,1988-09,14.55
M,IN,INR,E,1988-10,14.97
M,IN,INR,E,1988-11,14.95
M,IN,INR,E,1988-12,14.99
M,IN,INR,E,1989-01,15.18
M,IN,INR,E,1989-02,15.35
M,IN,INR,E,1989-03,15.63
M,IN,INR,E,1989-04,15.86
M,IN,INR,E,1989-05,16.28
M,IN,INR,E,1989-06,16.49
M,IN,INR,E,1989-07,16.44
M,IN,INR,E,1989-08,16.65
M,IN,INR,E,1989-09,16.69
M,IN,INR,E,1989-10,16.88
M,IN,INR,E,1989-11,16.96
M,IN,INR,E,1989-12,16.96
M,IN,INR,E,1990-01,16.97
M,IN,INR,E,1990-02,17.07
M,IN,INR,E,1990-03,17.22
M,IN,INR,E,1990-04,17.39
M,IN,INR,E,1990-05,17.36
M,IN,INR,E,1990-06,17.43
M,IN,INR,E,1990-07,17.35
M,IN,INR,E,1990-08,17.52
M,IN,INR,E,1990-09,18
M,IN,INR,E,1990-10,18.16
M,IN,INR,E,1990-11,18.17
M,IN,INR,E,1990-12,18.13
M,IN,INR,E,1991-01,18.61
M,IN,INR,E,1991-02,19.06
M,IN,INR,E,1991-03,19.61
M,IN,INR,E,1991-04,20.18
M,IN,INR,E,1991-05,20.89
M,IN,INR,E,1991-06,21.13
M,IN,INR,E,1991-07,25.76
M,IN,INR,E,1991-08,25.82
M,IN,INR,E,1991-09,25.77
M,IN,INR,E,1991-10,25.84
M,IN,INR,E,1991-11,25.8
M,IN,INR,E,1991-12,25.76
M,IN,INR,E,1992-01,25.95
M,IN,INR,E,1992-02,26.2
M,IN,INR,E,1992-03,29.1
M,IN,INR,E,1992-04,28.7
M,IN,INR,E,1992-05,28.75
M,IN,INR,E,1992-06,28.7
M,IN,INR,E,1992-07,28.48
M,IN,INR,E,1992-08,28.63
M,IN,INR,E,1992-09,28.48
M,IN,INR,E,1992-10,28.48
M,IN,INR,E,1992-11,28.54
M,IN,INR,E,1992-12,29
M,IN,INR,E,1993-01,29.2
M,IN,INR,E,1993-02,30.27
M,IN,INR,E,1993-03,31.5
M,IN,INR,E,1993-04,31.65
M,IN,INR,E,1993-05,31.7
M,IN,INR,E,1993-06,31.6
M,IN,INR,E,1993-07,31.6
M,IN,INR,E,1993-08,31.63
M,IN,INR,E,1993-09,31.53
M,IN,INR,E,1993-10,31.43
M,IN,INR,E,1993-11,31.44
M,IN,INR,E,1993-12,31.44
M,IN,INR,E,1994-01,31.44
M,IN,INR,E,1994-02,31.37
M,IN,INR,E,1994-03,31.37
M,IN,INR,E,1994-04,31.37
M,IN,INR,E,1994-05,31.3725
M,IN,INR,E,1994-06,31.37
M,IN,INR,E,1994-07,31.3725
M,IN,INR,E,1994-08,31.3725
M,IN,INR,E,1994-09,31.3675
M,IN,INR,E,1994-10,31.38
M,IN,INR,E,1994-11,31.4
M,IN,INR,E,1994-12,31.3725
M,IN,INR,E,1995-01,31.3775
M,IN,INR,E,1995-02,31.425
M,IN,INR,E,1995-03,31.43
M,IN,INR,E,1995-04,31.45
M,IN,INR,E,1995-05,31.43
M,IN,INR,E,1995-06,31.41
M,IN,INR,E,1995-07,31.43
M,IN,INR,E,1995-08,31.87
M,IN,INR,E,1995-09,33.94
M,IN,INR,E,1995-10,34.3
M,IN,INR,E,1995-11,34.91
M,IN,INR,E,1995-12,35.18
M,IN,INR,E,1996-01,36.46
M,IN,INR,E,1996-02,34.85
M,IN,INR,E,1996-03,34.35
M,IN,INR,E,1996-04,35
M,IN,INR,E,1996-05,35.23
M,IN,INR,E,1996-06,35.43
M,IN,INR,E,1996-07,35.7
M,IN,INR,E,1996-08,35.85
M,IN,INR,E,1996-09,35.85
M,IN,INR,E,1996-10,35.9
M,IN,INR,E,1996-11,35.747
M,IN,INR,E,1996-12,35.95
M,IN,INR,E,1997-01,35.9
M,IN,INR,E,1997-02,35.91
M,IN,INR,E,1997-03,35.88
M,IN,INR,E,1997-04,35.78
M,IN,INR,E,1997-05,35.8
M,IN,INR,E,1997-06,35.85
M,IN,INR,E,1997-07,35.72
M,IN,INR,E,1997-08,36.48
M,IN,INR,E,1997-09,36.19
M,IN,INR,E,1997-10,36.39
M,IN,INR,E,1997-11,39.1
M,IN,INR,E,1997-12,39.3
M,IN,INR,E,1998-01,38.8
M,IN,INR,E,1998-02,39.45
M,IN,INR,E,1998-03,39.53
M,IN,INR,E,1998-04,39.74
M,IN,INR,E,1998-05,41.75
M,IN,INR,E,1998-06,42.5
M,IN,INR,E,1998-07,42.6
M,IN,INR,E,1998-08,42.65
M,IN,INR,E,1998-09,42.48
M,IN,INR,E,1998-10,42.45
M,IN,INR,E,1998-11,42.65
M,IN,INR,E,1998-12,42.52
M,IN,INR,E,1999-01,42.54
M,IN,INR,E,1999-02,42.83
M,IN,INR,E,1999-03,42.5
M,IN,INR,E,1999-04,42.84
M,IN,INR,E,1999-05,43.17
M,IN,INR,E,1999-06,43.45
M,IN,INR,E,1999-07,43.45
M,IN,INR,E,1999-08,43.55
M,IN,INR,E,1999-09,43.59
M,IN,INR,E,1999-10,43.51
M,IN,INR,E,1999-11,43.48
M,IN,INR,E,1999-12,43.51
M,IN,INR,E,2000-01,43.629864
M,IN,INR,E,2000-02,43.599959
M,IN,INR,E,2000-03,43.603057
M,IN,INR,E,2000-04,43.647771
M,IN,INR,E,2000-05,44.569494
M,IN,INR,E,2000-06,44.667225
M,IN,INR,E,2000-07,45.050308
M,IN,INR,E,2000-08,45.811812
M,IN,INR,E,2000-09,46.005705
M,IN,INR,E,2000-10,46.838541
M,IN,INR,E,2000-11,46.824044
M,IN,INR,E,2000-12,46.672757
M,IN,INR,E,2001-01,46.380071
M,IN,INR,E,2001-02,46.545199
M,IN,INR,E,2001-03,46.630435
M,IN,INR,E,2001-04,46.843173
M,IN,INR,E,2001-05,47.008255
M,IN,INR,E,2001-06,47.042453
M,IN,INR,E,2001-07,47.073672
M,IN,INR,E,2001-08,47.124918
M,IN,INR,E,2001-09,47.921367
M,IN,INR,E,2001-10,47.981641
M,IN,INR,E,2001-11,47.973702
M,IN,INR,E,2001-12,48.218541
M,IN,INR,E,2002-01,48.515688
M,IN,INR,E,2002-02,48.707664
M,IN,INR,E,2002-03,48.774645
M,IN,INR,E,2002-04,48.938721
M,IN,INR,E,2002-05,48.978374
M,IN,INR,E,2002-06,48.865163
M,IN,INR,E,2002-07,48.637432
M,IN,INR,E,2002-08,48.453168
M,IN,INR,E,2002-09,48.352941
M,IN,INR,E,2002-10,48.342457
M,IN,INR,E,2002-11,48.312683
M,IN,INR,E,2002-12,47.957471
M,IN,INR,E,2003-01,47.763499
M,IN,INR,E,2003-02,47.616398
M,IN,INR,E,2003-03,47.479578
M,IN,INR,E,2003-04,47.323691
M,IN,INR,E,2003-05,47.075791
M,IN,INR,E,2003-06,46.418132
M,IN,INR,E,2003-07,46.122106
M,IN,INR,E,2003-08,45.857051
M,IN,INR,E,2003-09,45.742362
M,IN,INR,E,2003-10,45.330408
M,IN,INR,E,2003-11,45.826246
M,IN,INR,E,2003-12,45.588282
M,IN,INR,E,2004-01,45.29635
M,IN,INR,E,2004-02,45.203737
M,IN,INR,E,2004-03,43.50949
M,IN,INR,E,2004-04,44.502386
M,IN,INR,E,2004-05,45.499262
M,IN,INR,E,2004-06,45.972028
M,IN,INR,E,2004-07,46.388404
M,IN,INR,E,2004-08,46.335563
M,IN,INR,E,2004-09,45.841728
M,IN,INR,E,2004-10,45.319934
M,IN,INR,E,2004-11,44.596465
M,IN,INR,E,2004-12,43.505616
M,IN,INR,E,2005-01,43.717683
M,IN,INR,E,2005-02,43.636569
M,IN,INR,E,2005-03,43.723388
M,IN,INR,E,2005-04,43.456819
M,IN,INR,E,2005-05,43.745844
M,IN,INR,E,2005-06,43.527952
M,IN,INR,E,2005-07,43.50368
M,IN,INR,E,2005-08,44.084276
M,IN,INR,E,2005-09,43.925428
M,IN,INR,E,2005-10,45.103552
M,IN,INR,E,2005-11,45.906194
M,IN,INR,E,2005-12,45.022463
M,IN,INR,E,2006-01,44.069979
M,IN,INR,E,2006-02,44.250947
M,IN,INR,E,2006-03,44.606742
M,IN,INR,E,2006-04,44.942171
M,IN,INR,E,2006-05,46.283805
M,IN,INR,E,2006-06,45.955321
M,IN,INR,E,2006-07,46.5309
M,IN,INR,E,2006-08,46.45942
M,IN,INR,E,2006-09,45.85861
M,IN,INR,E,2006-10,44.957467
M,IN,INR,E,2006-11,44.684091
M,IN,INR,E,2006-12,44.205011
M,IN,INR,E,2007-01,44.10684
M,IN,INR,E,2007-02,44.185149
M,IN,INR,E,2007-03,43.273765
M,IN,INR,E,2007-04,41.045204
M,IN,INR,E,2007-05,40.411804
M,IN,INR,E,2007-06,40.687893
M,IN,INR,E,2007-07,40.237105
M,IN,INR,E,2007-08,40.694637
M,IN,INR,E,2007-09,39.751746
M,IN,INR,E,2007-10,39.242749
M,IN,INR,E,2007-11,39.537972
M,IN,INR,E,2007-12,39.305754
M,IN,INR,E,2008-01,39.3423
M,IN,INR,E,2008-02,39.937364
M,IN,INR,E,2008-03,40.020238
M,IN,INR,E,2008-04,40.491634
M,IN,INR,E,2008-05,42.458731
M,IN,INR,E,2008-06,42.928825
M,IN,INR,E,2008-07,42.49952
M,IN,INR,E,2008-08,43.765864
M,IN,INR,E,2008-09,46.476264
M,IN,INR,E,2008-10,49.350161
M,IN,INR,E,2008-11,49.768995
M,IN,INR,E,2008-12,48.456564
M,IN,INR,E,2009-01,48.689919
M,IN,INR,E,2009-02,51.070073
M,IN,INR,E,2009-03,50.640216
M,IN,INR,E,2009-04,49.914878
M,IN,INR,E,2009-05,47.117322
M,IN,INR,E,2009-06,47.769917
M,IN,INR,E,2009-07,48.061961
M,IN,INR,E,2009-08,48.899944
M,IN,INR,E,2009-09,47.805095
M,IN,INR,E,2009-10,47.010135
M,IN,INR,E,2009-11,46.4348
M,IN,INR,E,2009-12,46.536165
M,IN,INR,E,2010-01,46.195045
M,IN,INR,E,2010-02,46.104643
M,IN,INR,E,2010-03,44.895022
M,IN,INR,E,2010-04,44.359745
M,IN,INR,E,2010-05,46.359795
M,IN,INR,E,2010-06,46.445277
M,IN,INR,E,2010-07,46.400061
M,IN,INR,E,2010-08,47.062303
M,IN,INR,E,2010-09,44.876172
M,IN,INR,E,2010-10,44.396334
M,IN,INR,E,2010-11,45.960917
M,IN,INR,E,2010-12,44.722347
M,IN,INR,E,2011-01,45.907829
M,IN,INR,E,2011-02,45.272517
M,IN,INR,E,2011-03,44.587175
M,IN,INR,E,2011-04,44.21467
M,IN,INR,E,2011-05,45.057351
M,IN,INR,E,2011-06,44.670311
M,IN,INR,E,2011-07,44.194951
M,IN,INR,E,2011-08,46.069204
M,IN,INR,E,2011-09,48.966156
M,IN,INR,E,2011-10,48.695093
M,IN,INR,E,2011-11,52.25518
M,IN,INR,E,2011-12,53.10534
M,IN,INR,E,2012-01,49.435337
M,IN,INR,E,2012-02,48.954846
M,IN,INR,E,2012-03,50.944894
M,IN,INR,E,2012-04,52.704707
M,IN,INR,E,2012-05,56.109812
M,IN,INR,E,2012-06,55.694996
M,IN,INR,E,2012-07,55.655324
M,IN,INR,E,2012-08,55.527714
M,IN,INR,E,2012-09,52.860015
M,IN,INR,E,2012-10,53.813592
M,IN,INR,E,2012-11,54.424765
M,IN,INR,E,2012-12,54.994695
M,IN,INR,E,2013-01,53.225092
M,IN,INR,E,2013-02,54.372763
M,IN,INR,E,2013-03,54.327216
M,IN,INR,E,2013-04,53.759945
M,IN,INR,E,2013-05,56.510841
M,IN,INR,E,2013-06,59.419725
M,IN,INR,E,2013-07,60.405273
M,IN,INR,E,2013-08,66.374764
M,IN,INR,E,2013-09,62.824139
M,IN,INR,E,2013-10,61.482296
M,IN,INR,E,2013-11,62.430387
M,IN,INR,E,2013-12,61.89979
M,IN,INR,E,2014-01,62.657591
M,IN,INR,E,2014-02,61.757475
M,IN,INR,E,2014-03,59.8915
M,IN,INR,E,2014-04,60.24
M,IN,INR,E,2014-05,59.088704
M,IN,INR,E,2014-06,60.186191
M,IN,INR,E,2014-07,60.555348
M,IN,INR,E,2014-08,60.517137
M,IN,INR,E,2014-09,61.874275
M,IN,INR,E,2014-10,61.364979
M,IN,INR,E,2014-11,62.122006
M,IN,INR,E,2014-12,63.190017
M,IN,INR,E,2015-01,62.019726
M,IN,INR,E,2015-02,61.816904
M,IN,INR,E,2015-03,62.52793
M,IN,INR,E,2015-04,63.500045
M,IN,INR,E,2015-05,63.800638
M,IN,INR,E,2015-06,63.622576
M,IN,INR,E,2015-07,64.136227
M,IN,INR,E,2015-08,66.401962
M,IN,INR,E,2015-09,65.590021
M,IN,INR,E,2015-10,65.367614
M,IN,INR,E,2015-11,66.667454
M,IN,INR,E,2015-12,66.15367
M,IN,INR,E,2016-01,67.860714
M,IN,INR,E,2016-02,68.316036
M,IN,INR,E,2016-03,66.253667
M,IN,INR,E,2016-04,66.384723
M,IN,INR,E,2016-05,67.196521
M,IN,INR,E,2016-06,67.519636
M,IN,INR,E,2016-07,66.954918
M,IN,INR,E,2016-08,66.974668
M,IN,INR,E,2016-09,66.629782
M,IN,INR,E,2016-10,66.776905
M,IN,INR,E,2016-11,68.508698
M,IN,INR,E,2016-12,67.919078
M,IN,INR,E,2017-01,67.689912
M,IN,INR,E,2017-02,66.649995
M,IN,INR,E,2017-03,64.91114
M,IN,INR,E,2017-04,64.283166
M,IN,INR,E,2017-05,64.46306
M,IN,INR,E,2017-06,64.620137
M,IN,INR,E,2017-07,64.185896
M,IN,INR,E,2017-08,63.931924
M,IN,INR,E,2017-09,65.279519
M,IN,INR,E,2017-10,64.749957
M,IN,INR,E,2017-11,64.467466
M,IN,INR,E,2017-12,63.875177
M,IN,INR,E,2018-01,63.562656
M,IN,INR,E,2018-02,65.189946
M,IN,INR,E,2018-03,65.170035
M,IN,INR,E,2018-04,66.370147
M,IN,INR,E,2018-05,67.357894
M,IN,INR,E,2018-06,68.462
M,IN,INR,E,2018-07,68.545075
M,IN,INR,E,2018-08,71.00206
M,IN,INR,E,2018-09,72.491361
M,IN,INR,E,2018-10,73.979943
M,IN,INR,E,2018-11,69.620125
M,IN,INR,E,2018-12,69.633013
M,IN,INR,E,2019-01,71.105501
M,IN,INR,E,2019-02,70.858006
M,IN,INR,E,2019-03,69.17579
M,IN,INR,E,2019-04,69.585933
M,IN,INR,E,2019-05,69.716617
M,IN,INR,E,2019-06,69.001757
M,IN,INR,E,2019-07,68.77993
M,IN,INR,E,2019-08,71.435756
M,IN,INR,E,2019-09,70.861879
M,IN,INR,E,2019-10,70.92747
M,IN,INR,E,2019-11,71.651339
M,IN,INR,E,2019-12,71.37885
M,IN,INR,E,2020-01,71.39477
M,IN,INR,E,2020-02,72.228296
M,IN,INR,E,2020-03,75.664932
M,IN,INR,E,2020-04,75.037514
M,IN,INR,E,2020-05,75.523078
M,IN,INR,E,2020-06,75.570191
M,IN,INR,E,2020-07,74.810517
M,IN,INR,E,2020-08,73.2567
M,IN,INR,E,2020-09,73.709429
M,IN,INR,E,2020-10,74.467003
M,IN,INR,E,2020-11,74.066945
M,IN,INR,E,2020-12,73.066987
M,IN,INR,E,2021-01,72.867502
M,IN,INR,E,2021-02,73.901988
M,IN,INR,E,2021-03,73.18806
M,IN,INR,E,2021-04,74.060172
M,IN,INR,E,2021-05,72.56897
M,IN,INR,E,2021-06,74.321777
M,IN,INR,E,2021-07,74.336978
M,IN,INR,E,2021-08,72.997296
M,IN,INR,E,2021-09,74.338544
M,IN,INR,E,2021-10,74.867325
M,IN,INR,E,2021-11,75.092317
M,IN,INR,E,2021-12,74.368003
M,IN,INR,E,2022-01,74.727053
M,IN,INR,E,2022-02,75.501384
M,IN,INR,E,2022-03,75.789569
M,IN,INR,E,2022-04,76.506641
M,IN,INR,E,2022-05,77.69159
M,IN,INR,E,2022-06,79.053625
M,IN,INR,E,2022-07,79.31163
M,IN,INR,E,2022-08,79.5465
M,IN,INR,E,2022-09,81.478252
M,IN,INR,E,2022-10,82.815715
M,IN,INR,E,2022-11,81.362278
M,IN,INR,E,2022-12,82.665479
M,IN,INR,E,2023-01,81.820364
M,IN,INR,E,2023-02,82.607119
M,IN,INR,E,2023-03,82.206437
M,IN,INR,E,2023-04,81.828158
M,IN,INR,E,2023-05,82.692128
M,IN,INR,E,2023-06,82.096908
M,IN,INR,E,2023-07,82.254377
M,IN,INR,E,2023-08,82.746872
M,IN,INR,E,2023-09,83.081461
M,IN,INR,E,2023-10,83.265373
M,IN,INR,E,2023-11,83.354039
M,IN,INR,E,2023-12,83.171493
M,IN,INR,E,2024-01,83.049737
M,IN,INR,E,2024-02,82.898393
M,IN,INR,E,2024-03,83.374803
M,IN,INR,E,2024-04,83.425546
M,IN,INR,E,2024-05,83.418264
M,IN,INR,E,2024-06,83.371789
M,IN,INR,E,2024-07,83.69505
M,IN,INR,E,2024-08,83.835573
M,IN,INR,E,2024-09,83.791533
M,IN,INR,E,2024-10,84.077375
M,IN,INR,E,2024-11,84.571577
M,IN,INR,E,2024-12,85.603523
M,IN,INR,E,2025-01,86.591456
M,IN,INR,E,2025-02,87.379695
M,IN,INR,E,2025-03,85.432732
M,IN,INR,E,2025-04,84.530027
M,IN,INR,E,2025-05,85.567334
M,IN,INR,E,2025-06,85.802474
M,IN,INR,E,2025-07,87.624498
M,IN,INR,E,2025-08,88.182793
M,IN,INR,E,2025-09,88.795503
M,IN,INR,E,2025-10,88.719924
M,IN,INR,E,2025-11,89.478212
M,IN,INR,E,2025-12,89.869362
M,IN,INR,E,2026-01,91.939341
M,IN,INR,E,2026-02,91.080474
M,IN,INR,E,2026-03,93.823969
M,IN,INR,E,2026-04,94.914972
M,IN,INR,A,1957-01,4.7619
M,IN,INR,A,1957-02,4.7619
M,IN,INR,A,1957-03,4.7619
M,IN,INR,A,1957-04,4.7619
M,IN,INR,A,1957-05,4.7619
M,IN,INR,A,1957-06,4.7619
M,IN,INR,A,1957-07,4.7619
M,IN,INR,A,1957-08,4.7619
M,IN,INR,A,1957-09,4.7619
M,IN,INR,A,1957-10,4.7619
M,IN,INR,A,1957-11,4.7619
M,IN,INR,A,1957-12,4.7619
M,IN,INR,A,1958-01,4.7619
M,IN,INR,A,1958-02,4.7619
M,IN,INR,A,1958-03,4.7619
M,IN,INR,A,1958-04,4.7619
M,IN,INR,A,1958-05,4.7619
M,IN,INR,A,1958-06,4.7619
M,IN,INR,A,1958-07,4.7619
M,IN,INR,A,1958-08,4.7619
M,IN,INR,A,1958-09,4.7619
M,IN,INR,A,1958-10,4.7619
M,IN,INR,A,1958-11,4.7619
M,IN,INR,A,1958-12,4.7619
M,IN,INR,A,1959-01,4.7619
M,IN,INR,A,1959-02,4.7619
M,IN,INR,A,1959-03,4.7619
M,IN,INR,A,1959-04,4.7619
M,IN,INR,A,1959-05,4.7619
M,IN,INR,A,1959-06,4.7619
M,IN,INR,A,1959-07,4.7619
M,IN,INR,A,1959-08,4.7619
M,IN,INR,A,1959-09,4.7619
M,IN,INR,A,1959-10,4.7619
M,IN,INR,A,1959-11,4.7619
M,IN,INR,A,1959-12,4.7619
M,IN,INR,A,1960-01,4.7619
M,IN,INR,A,1960-02,4.7619
M,IN,INR,A,1960-03,4.7619
M,IN,INR,A,1960-04,4.7619
M,IN,INR,A,1960-05,4.7619
M,IN,INR,A,1960-06,4.7619
M,IN,INR,A,1960-07,4.7619
M,IN,INR,A,1960-08,4.7619
M,IN,INR,A,1960-09,4.7619
M,IN,INR,A,1960-10,4.7619
M,IN,INR,A,1960-11,4.7619
M,IN,INR,A,1960-12,4.7619
M,IN,INR,A,1961-01,4.7619
M,IN,INR,A,1961-02,4.7619
M,IN,INR,A,1961-03,4.7619
M,IN,INR,A,1961-04,4.7619
M,IN,INR,A,1961-05,4.7619
M,IN,INR,A,1961-06,4.7619
M,IN,INR,A,1961-07,4.7619
M,IN,INR,A,1961-08,4.7619
M,IN,INR,A,1961-09,4.7619
M,IN,INR,A,1961-10,4.7619
M,IN,INR,A,1961-11,4.7619
M,IN,INR,A,1961-12,4.7619
M,IN,INR,A,1962-01,4.7619
M,IN,INR,A,1962-02,4.7619
M,IN,INR,A,1962-03,4.7619
M,IN,INR,A,1962-04,4.7619
M,IN,INR,A,1962-05,4.7619
M,IN,INR,A,1962-06,4.7619
M,IN,INR,A,1962-07,4.7619
M,IN,INR,A,1962-08,4.7619
M,IN,INR,A,1962-09,4.7619
M,IN,INR,A,1962-10,4.7619
M,IN,INR,A,1962-11,4.7619
M,IN,INR,A,1962-12,4.7619
M,IN,INR,A,1963-01,4.7619
M,IN,INR,A,1963-02,4.7619
M,IN,INR,A,1963-03,4.7619
M,IN,INR,A,1963-04,4.7619
M,IN,INR,A,1963-05,4.7619
M,IN,INR,A,1963-06,4.7619
M,IN,INR,A,1963-07,4.7619
M,IN,INR,A,1963-08,4.7619
M,IN,INR,A,1963-09,4.7619
M,IN,INR,A,1963-10,4.7619
M,IN,INR,A,1963-11,4.7619
M,IN,INR,A,1963-12,4.7619
M,IN,INR,A,1964-01,4.7619
M,IN,INR,A,1964-02,4.7619
M,IN,INR,A,1964-03,4.7619
M,IN,INR,A,1964-04,4.7619
M,IN,INR,A,1964-05,4.7619
M,IN,INR,A,1964-06,4.7619
M,IN,INR,A,1964-07,4.7619
M,IN,INR,A,1964-08,4.7619
M,IN,INR,A,1964-09,4.7619
M,IN,INR,A,1964-10,4.7619
M,IN,INR,A,1964-11,4.7619
M,IN,INR,A,1964-12,4.7619
M,IN,INR,A,1965-01,4.7619
M,IN,INR,A,1965-02,4.7619
M,IN,INR,A,1965-03,4.7619
M,IN,INR,A,1965-04,4.7619
M,IN,INR,A,1965-05,4.7619
M,IN,INR,A,1965-06,4.7619
M,IN,INR,A,1965-07,4.7619
M,IN,INR,A,1965-08,4.7619
M,IN,INR,A,1965-09,4.7619
M,IN,INR,A,1965-10,4.7619
M,IN,INR,A,1965-11,4.7619
M,IN,INR,A,1965-12,4.7619
M,IN,INR,A,1966-01,4.7619
M,IN,INR,A,1966-02,4.7619
M,IN,INR,A,1966-03,4.7619
M,IN,INR,A,1966-04,4.7619
M,IN,INR,A,1966-05,4.7619
M,IN,INR,A,1966-06,7.5
M,IN,INR,A,1966-07,7.5
M,IN,INR,A,1966-08,7.5
M,IN,INR,A,1966-09,7.5
M,IN,INR,A,1966-10,7.5
M,IN,INR,A,1966-11,7.5
M,IN,INR,A,1966-12,7.5
M,IN,INR,A,1967-01,7.5
M,IN,INR,A,1967-02,7.5
M,IN,INR,A,1967-03,7.5
M,IN,INR,A,1967-04,7.5
M,IN,INR,A,1967-05,7.5
M,IN,INR,A,1967-06,7.5
M,IN,INR,A,1967-07,7.5
M,IN,INR,A,1967-08,7.5
M,IN,INR,A,1967-09,7.5
M,IN,INR,A,1967-10,7.5
M,IN,INR,A,1967-11,7.5
M,IN,INR,A,1967-12,7.5
M,IN,INR,A,1968-01,7.5
M,IN,INR,A,1968-02,7.5
M,IN,INR,A,1968-03,7.5
M,IN,INR,A,1968-04,7.5
M,IN,INR,A,1968-05,7.5
M,IN,INR,A,1968-06,7.5
M,IN,INR,A,1968-07,7.5
M,IN,INR,A,1968-08,7.5
M,IN,INR,A,1968-09,7.5
M,IN,INR,A,1968-10,7.5
M,IN,INR,A,1968-11,7.5
M,IN,INR,A,1968-12,7.5
M,IN,INR,A,1969-01,7.5
M,IN,INR,A,1969-02,7.5
M,IN,INR,A,1969-03,7.5
M,IN,INR,A,1969-04,7.5
M,IN,INR,A,1969-05,7.5
M,IN,INR,A,1969-06,7.5
M,IN,INR,A,1969-07,7.5
M,IN,INR,A,1969-08,7.5
M,IN,INR,A,1969-09,7.5
M,IN,INR,A,1969-10,7.5
M,IN,INR,A,1969-11,7.5
M,IN,INR,A,1969-12,7.5
M,IN,INR,A,1970-01,7.5
M,IN,INR,A,1970-02,7.5
M,IN,INR,A,1970-03,7.5
M,IN,INR,A,1970-04,7.5
M,IN,INR,A,1970-05,7.5
M,IN,INR,A,1970-06,7.5
M,IN,INR,A,1970-07,7.5
M,IN,INR,A,1970-08,7.5
M,IN,INR,A,1970-09,7.5
M,IN,INR,A,1970-10,7.5
M,IN,INR,A,1970-11,7.5
M,IN,INR,A,1970-12,7.5
M,IN,INR,A,1971-01,7.5
M,IN,INR,A,1971-02,7.5
M,IN,INR,A,1971-03,7.5
M,IN,INR,A,1971-04,7.5
M,IN,INR,A,1971-05,7.5
M,IN,INR,A,1971-06,7.5
M,IN,INR,A,1971-07,7.5
M,IN,INR,A,1971-08,7.5
M,IN,INR,A,1971-09,7.5
M,IN,INR,A,1971-10,7.5
M,IN,INR,A,1971-11,7.5
M,IN,INR,A,1971-12,7.403223
M,IN,INR,A,1972-01,7.374631
M,IN,INR,A,1972-02,7.283852
M,IN,INR,A,1972-03,7.236937
M,IN,INR,A,1972-04,7.267442
M,IN,INR,A,1972-05,7.261637
M,IN,INR,A,1972-06,7.363228
M,IN,INR,A,1972-07,7.763975
M,IN,INR,A,1972-08,7.741736
M,IN,INR,A,1972-09,7.770612
M,IN,INR,A,1972-10,7.916403
M,IN,INR,A,1972-11,8.064516
M,IN,INR,A,1972-12,8.088652
M,IN,INR,A,1973-01,8.004091
M,IN,INR,A,1973-02,7.75375
M,IN,INR,A,1973-03,7.5465
M,IN,INR,A,1973-04,7.54619
M,IN,INR,A,1973-05,7.492727
M,IN,INR,A,1973-06,7.271905
M,IN,INR,A,1973-07,7.350952
M,IN,INR,A,1973-08,7.564348
M,IN,INR,A,1973-09,7.7
M,IN,INR,A,1973-10,7.727143
M,IN,INR,A,1973-11,7.834
M,IN,INR,A,1973-12,8.11
M,IN,INR,A,1974-01,8.437727
M,IN,INR,A,1974-02,8.244444
M,IN,INR,A,1974-03,8.056667
M,IN,INR,A,1974-04,7.865455
M,IN,INR,A,1974-05,7.785455
M,IN,INR,A,1974-06,7.849
M,IN,INR,A,1974-07,7.834545
M,IN,INR,A,1974-08,7.984091
M,IN,INR,A,1974-09,8.121
M,IN,INR,A,1974-10,8.050455
M,IN,INR,A,1974-11,8.064444
M,IN,INR,A,1974-12,8.095238
M,IN,INR,A,1975-01,8.13
M,IN,INR,A,1975-02,7.971667
M,IN,INR,A,1975-03,7.75
M,IN,INR,A,1975-04,7.884091
M,IN,INR,A,1975-05,8.07
M,IN,INR,A,1975-06,8.191429
M,IN,INR,A,1975-07,8.489545
M,IN,INR,A,1975-08,8.789524
M,IN,INR,A,1975-09,8.864762
M,IN,INR,A,1975-10,8.894545
M,IN,INR,A,1975-11,8.899412
M,IN,INR,A,1975-12,8.982727
M,IN,INR,A,1976-01,8.947143
M,IN,INR,A,1976-02,8.938889
M,IN,INR,A,1976-03,8.964783
M,IN,INR,A,1976-04,8.991818
M,IN,INR,A,1976-05,9.0265
M,IN,INR,A,1976-06,9.110909
M,IN,INR,A,1976-07,8.923333
M,IN,INR,A,1976-08,8.975455
M,IN,INR,A,1976-09,9.061429
M,IN,INR,A,1976-10,8.896
M,IN,INR,A,1976-11,8.965789
M,IN,INR,A,1976-12,8.853478
M,IN,INR,A,1977-01,8.905238
M,IN,INR,A,1977-02,8.862632
M,IN,INR,A,1977-03,8.841739
M,IN,INR,A,1977-04,8.842857
M,IN,INR,A,1977-05,8.83381
M,IN,INR,A,1977-06,8.860455
M,IN,INR,A,1977-07,8.816316
M,IN,INR,A,1977-08,8.721304
M,IN,INR,A,1977-09,8.73
M,IN,INR,A,1977-10,8.615
M,IN,INR,A,1977-11,8.640526
M,IN,INR,A,1977-12,8.537143
M,IN,INR,A,1978-01,8.200952
M,IN,INR,A,1978-02,8.109444
M,IN,INR,A,1978-03,8.207826
M,IN,INR,A,1978-04,8.465
M,IN,INR,A,1978-05,8.582727
M,IN,INR,A,1978-06,8.404091
M,IN,INR,A,1978-07,8.1665
M,IN,INR,A,1978-08,8.013913
M,IN,INR,A,1978-09,8.0365
M,IN,INR,A,1978-10,7.910952
M,IN,INR,A,1978-11,8.0335
M,IN,INR,A,1978-12,8.216
M,IN,INR,A,1979-01,8.209091
M,IN,INR,A,1979-02,8.25
M,IN,INR,A,1979-03,8.241818
M,IN,INR,A,1979-04,8.20619
M,IN,INR,A,1979-05,8.289091
M,IN,INR,A,1979-06,8.119048
M,IN,INR,A,1979-07,7.906667
M,IN,INR,A,1979-08,8.011304
M,IN,INR,A,1979-09,8.135789
M,IN,INR,A,1979-10,8.225909
M,IN,INR,A,1979-11,8.192632
M,IN,INR,A,1979-12,8.0995
M,IN,INR,A,1980-01,7.988182
M,IN,INR,A,1980-02,7.981579
M,IN,INR,A,1980-03,8.151905
M,IN,INR,A,1980-04,8.07
M,IN,INR,A,1980-05,7.858571
M,IN,INR,A,1980-06,7.842381
M,IN,INR,A,1980-07,7.766364
M,IN,INR,A,1980-08,7.782381
M,IN,INR,A,1980-09,7.749524
M,IN,INR,A,1980-10,7.732273
M,IN,INR,A,1980-11,7.771176
M,IN,INR,A,1980-12,7.931364
M,IN,INR,A,1981-01,7.957619
M,IN,INR,A,1981-02,8.221111
M,IN,INR,A,1981-03,8.243182
M,IN,INR,A,1981-04,8.291818
M,IN,INR,A,1981-05,8.4045
M,IN,INR,A,1981-06,8.556364
M,IN,INR,A,1981-07,8.906522
M,IN,INR,A,1981-08,9.060476
M,IN,INR,A,1981-09,9.115238
M,IN,INR,A,1981-10,9.134762
M,IN,INR,A,1981-11,9.135
M,IN,INR,A,1981-12,9.130455
M,IN,INR,A,1982-01,9.1525
M,IN,INR,A,1982-02,9.214444
M,IN,INR,A,1982-03,9.293478
M,IN,INR,A,1982-04,9.392273
M,IN,INR,A,1982-05,9.2965
M,IN,INR,A,1982-06,9.466818
M,IN,INR,A,1982-07,9.563333
M,IN,INR,A,1982-08,9.574091
M,IN,INR,A,1982-09,9.649524
M,IN,INR,A,1982-10,9.7005
M,IN,INR,A,1982-11,9.796842
M,IN,INR,A,1982-12,9.692609
M,IN,INR,A,1983-01,9.79381
M,IN,INR,A,1983-02,9.918421
M,IN,INR,A,1983-03,9.965217
M,IN,INR,A,1983-04,9.982381
M,IN,INR,A,1983-05,9.989524
M,IN,INR,A,1983-06,10.049091
M,IN,INR,A,1983-07,10.0875
M,IN,INR,A,1983-08,10.187391
M,IN,INR,A,1983-09,10.200476
M,IN,INR,A,1983-10,10.229
M,IN,INR,A,1983-11,10.378421
M,IN,INR,A,1983-12,10.489524
M,IN,INR,A,1984-01,10.715238
M,IN,INR,A,1984-02,10.743684
M,IN,INR,A,1984-03,10.714545
M,IN,INR,A,1984-04,10.82
M,IN,INR,A,1984-05,11.016818
M,IN,INR,A,1984-06,11.06381
M,IN,INR,A,1984-07,11.371429
M,IN,INR,A,1984-08,11.556087
M,IN,INR,A,1984-09,11.858421
M,IN,INR,A,1984-10,12.026818
M,IN,INR,A,1984-11,12.078421
M,IN,INR,A,1984-12,12.2925
M,IN,INR,A,1985-01,12.611905
M,IN,INR,A,1985-02,12.921667
M,IN,INR,A,1985-03,12.861429
M,IN,INR,A,1985-04,12.400455
M,IN,INR,A,1985-05,12.500455
M,IN,INR,A,1985-06,12.4405
M,IN,INR,A,1985-07,12.031364
M,IN,INR,A,1985-08,11.897727
M,IN,INR,A,1985-09,12.1255
M,IN,INR,A,1985-10,12.033182
M,IN,INR,A,1985-11,12.101053
M,IN,INR,A,1985-12,12.152381
M,IN,INR,A,1986-01,12.243333
M,IN,INR,A,1986-02,12.37
M,IN,INR,A,1986-03,12.289048
M,IN,INR,A,1986-04,12.393182
M,IN,INR,A,1986-05,12.465714
M,IN,INR,A,1986-06,12.598571
M,IN,INR,A,1986-07,12.507727
M,IN,INR,A,1986-08,12.566667
M,IN,INR,A,1986-09,12.675714
M,IN,INR,A,1986-10,12.848636
M,IN,INR,A,1986-11,13.076111
M,IN,INR,A,1986-12,13.148636
M,IN,INR,A,1987-01,13.0295
M,IN,INR,A,1987-02,13.062105
M,IN,INR,A,1987-03,12.923636
M,IN,INR,A,1987-04,12.814545
M,IN,INR,A,1987-05,12.666
M,IN,INR,A,1987-06,12.836818
M,IN,INR,A,1987-07,13.012609
M,IN,INR,A,1987-08,13.085238
M,IN,INR,A,1987-09,12.993333
M,IN,INR,A,1987-10,13.042857
M,IN,INR,A,1987-11,12.972105
M,IN,INR,A,1987-12,12.934545
M,IN,INR,A,1988-01,13.039474
M,IN,INR,A,1988-02,13.065
M,IN,INR,A,1988-03,12.97913
M,IN,INR,A,1988-04,13.157619
M,IN,INR,A,1988-05,13.315714
M,IN,INR,A,1988-06,13.785909
M,IN,INR,A,1988-07,14.0795
M,IN,INR,A,1988-08,14.216957
M,IN,INR,A,1988-09,14.489524
M,IN,INR,A,1988-10,14.72
M,IN,INR,A,1988-11,14.966
M,IN,INR,A,1988-12,15.019048
M,IN,INR,A,1989-01,15.0925
M,IN,INR,A,1989-02,15.240526
M,IN,INR,A,1989-03,15.467391
M,IN,INR,A,1989-04,15.718
M,IN,INR,A,1989-05,16.101818
M,IN,INR,A,1989-06,16.419545
M,IN,INR,A,1989-07,16.416
M,IN,INR,A,1989-08,16.60913
M,IN,INR,A,1989-09,16.745
M,IN,INR,A,1989-10,16.819048
M,IN,INR,A,1989-11,16.924762
M,IN,INR,A,1989-12,16.932
M,IN,INR,A,1990-01,16.963333
M,IN,INR,A,1990-02,16.989474
M,IN,INR,A,1990-03,17.116364
M,IN,INR,A,1990-04,17.294286
M,IN,INR,A,1990-05,17.324545
M,IN,INR,A,1990-06,17.420952
M,IN,INR,A,1990-07,17.411905
M,IN,INR,A,1990-08,17.346522
M,IN,INR,A,1990-09,17.859474
M,IN,INR,A,1990-10,18.073636
M,IN,INR,A,1990-11,18.0975
M,IN,INR,A,1990-12,18.127222
M,IN,INR,A,1991-01,18.339048
M,IN,INR,A,1991-02,18.86
M,IN,INR,A,1991-03,19.242857
M,IN,INR,A,1991-04,19.906364
M,IN,INR,A,1991-05,20.518636
M,IN,INR,A,1991-06,21.062
M,IN,INR,A,1991-07,25.612727
M,IN,INR,A,1991-08,25.845714
M,IN,INR,A,1991-09,25.8335
M,IN,INR,A,1991-10,25.797273
M,IN,INR,A,1991-11,25.802105
M,IN,INR,A,1991-12,25.818
M,IN,INR,A,1992-01,25.862857
M,IN,INR,A,1992-02,25.992105
M,IN,INR,A,1992-03,28.377727
M,IN,INR,A,1992-04,28.89619
M,IN,INR,A,1992-05,28.5415
M,IN,INR,A,1992-06,28.518636
M,IN,INR,A,1992-07,28.563913
M,IN,INR,A,1992-08,28.4635
M,IN,INR,A,1992-09,28.475714
M,IN,INR,A,1992-10,28.476667
M,IN,INR,A,1992-11,28.473684
M,IN,INR,A,1992-12,28.978636
M,IN,INR,A,1993-01,29.043158
M,IN,INR,A,1993-02,30.042105
M,IN,INR,A,1993-03,31.93913
M,IN,INR,A,1993-04,31.609524
M,IN,INR,A,1993-05,31.6125
M,IN,INR,A,1993-06,31.668182
M,IN,INR,A,1993-07,31.6
M,IN,INR,A,1993-08,31.612273
M,IN,INR,A,1993-09,31.577619
M,IN,INR,A,1993-10,31.505
M,IN,INR,A,1993-11,31.4335
M,IN,INR,A,1993-12,31.44
M,IN,INR,A,1994-01,31.44
M,IN,INR,A,1994-02,31.448947
M,IN,INR,A,1994-03,31.414674
M,IN,INR,A,1994-04,31.391429
M,IN,INR,A,1994-05,31.375357
M,IN,INR,A,1994-06,31.384545
M,IN,INR,A,1994-07,31.376375
M,IN,INR,A,1994-08,31.372717
M,IN,INR,A,1994-09,31.372262
M,IN,INR,A,1994-10,31.372625
M,IN,INR,A,1994-11,31.394
M,IN,INR,A,1994-12,31.389405
M,IN,INR,A,1995-01,31.373625
M,IN,INR,A,1995-02,31.379474
M,IN,INR,A,1995-03,31.586543
M,IN,INR,A,1995-04,31.40725
M,IN,INR,A,1995-05,31.417886
M,IN,INR,A,1995-06,31.403682
M,IN,INR,A,1995-07,31.38525
M,IN,INR,A,1995-08,31.592348
M,IN,INR,A,1995-09,33.30975
M,IN,INR,A,1995-10,34.656429
M,IN,INR,A,1995-11,34.71
M,IN,INR,A,1995-12,34.96625
M,IN,INR,A,1996-01,35.811667
M,IN,INR,A,1996-02,36.5945
M,IN,INR,A,1996-03,34.485238
M,IN,INR,A,1996-04,34.319545
M,IN,INR,A,1996-05,35.025
M,IN,INR,A,1996-06,35.0995
M,IN,INR,A,1996-07,35.667273
M,IN,INR,A,1996-08,35.8
M,IN,INR,A,1996-09,35.87
M,IN,INR,A,1996-10,35.803636
M,IN,INR,A,1996-11,35.839158
M,IN,INR,A,1996-12,35.881524
M,IN,INR,A,1997-01,35.903667
M,IN,INR,A,1997-02,35.890526
M,IN,INR,A,1997-03,35.884762
M,IN,INR,A,1997-04,35.828136
M,IN,INR,A,1997-05,35.82481
M,IN,INR,A,1997-06,35.82019
M,IN,INR,A,1997-07,35.747364
M,IN,INR,A,1997-08,36.008476
M,IN,INR,A,1997-09,36.475571
M,IN,INR,A,1997-10,36.302
M,IN,INR,A,1997-11,37.288889
M,IN,INR,A,1997-12,39.4
M,IN,INR,A,1998-01,39.391
M,IN,INR,A,1998-02,39.007895
M,IN,INR,A,1998-03,39.568636
M,IN,INR,A,1998-04,39.702909
M,IN,INR,A,1998-05,40.46865
M,IN,INR,A,1998-06,42.366818
M,IN,INR,A,1998-07,42.611826
M,IN,INR,A,1998-08,42.842857
M,IN,INR,A,1998-09,42.579048
M,IN,INR,A,1998-10,42.394286
M,IN,INR,A,1998-11,42.428421
M,IN,INR,A,1998-12,42.590909
M,IN,INR,A,1999-01,42.545263
M,IN,INR,A,1999-02,42.531579
M,IN,INR,A,1999-03,42.516087
M,IN,INR,A,1999-04,42.796818
M,IN,INR,A,1999-05,42.859
M,IN,INR,A,1999-06,43.212727
M,IN,INR,A,1999-07,43.356667
M,IN,INR,A,1999-08,43.503182
M,IN,INR,A,1999-09,43.598095
M,IN,INR,A,1999-10,43.55275
M,IN,INR,A,1999-11,43.458
M,IN,INR,A,1999-12,43.523913
M,IN,INR,A,2000-01,43.5645
M,IN,INR,A,2000-02,43.61334
M,IN,INR,A,2000-03,43.581364
M,IN,INR,A,2000-04,43.640426
M,IN,INR,A,2000-05,44.036222
M,IN,INR,A,2000-06,44.679311
M,IN,INR,A,2000-07,44.788872
M,IN,INR,A,2000-08,45.701215
M,IN,INR,A,2000-09,45.862261
M,IN,INR,A,2000-10,46.353368
M,IN,INR,A,2000-11,46.762261
M,IN,INR,A,2000-12,46.739905
M,IN,INR,A,2001-01,46.528458
M,IN,INR,A,2001-02,46.507319
M,IN,INR,A,2001-03,46.617094
M,IN,INR,A,2001-04,46.733554
M,IN,INR,A,2001-05,46.93247
M,IN,INR,A,2001-06,47.004085
M,IN,INR,A,2001-07,47.130327
M,IN,INR,A,2001-08,47.125964
M,IN,INR,A,2001-09,47.632039
M,IN,INR,A,2001-10,48.009071
M,IN,INR,A,2001-11,47.986855
M,IN,INR,A,2001-12,47.873233
M,IN,INR,A,2002-01,48.310959
M,IN,INR,A,2002-02,48.658619
M,IN,INR,A,2002-03,48.713602
M,IN,INR,A,2002-04,48.899203
M,IN,INR,A,2002-05,48.966437
M,IN,INR,A,2002-06,48.947938
M,IN,INR,A,2002-07,48.74305
M,IN,INR,A,2002-08,48.564592
M,IN,INR,A,2002-09,48.414563
M,IN,INR,A,2002-10,48.337458
M,IN,INR,A,2002-11,48.235158
M,IN,INR,A,2002-12,48.123532
M,IN,INR,A,2003-01,47.906379
M,IN,INR,A,2003-02,47.713657
M,IN,INR,A,2003-03,47.613206
M,IN,INR,A,2003-04,47.363131
M,IN,INR,A,2003-05,47.063353
M,IN,INR,A,2003-06,46.667057
M,IN,INR,A,2003-07,46.188705
M,IN,INR,A,2003-08,45.90486
M,IN,INR,A,2003-09,45.795912
M,IN,INR,A,2003-10,45.374014
M,IN,INR,A,2003-11,45.518612
M,IN,INR,A,2003-12,45.519531
M,IN,INR,A,2004-01,45.401928
M,IN,INR,A,2004-02,45.25395
M,IN,INR,A,2004-03,44.938093
M,IN,INR,A,2004-04,43.915586
M,IN,INR,A,2004-05,45.158763
M,IN,INR,A,2004-06,45.482246
M,IN,INR,A,2004-07,46.025296
M,IN,INR,A,2004-08,46.296146
M,IN,INR,A,2004-09,46.030606
M,IN,INR,A,2004-10,45.735877
M,IN,INR,A,2004-11,45.077849
M,IN,INR,A,2004-12,43.918642
M,IN,INR,A,2005-01,43.719175
M,IN,INR,A,2005-02,43.664336
M,IN,INR,A,2005-03,43.651583
M,IN,INR,A,2005-04,43.700283
M,IN,INR,A,2005-05,43.486283
M,IN,INR,A,2005-06,43.561008
M,IN,INR,A,2005-07,43.509885
M,IN,INR,A,2005-08,43.614763
M,IN,INR,A,2005-09,43.89609
M,IN,INR,A,2005-10,44.836016
M,IN,INR,A,2005-11,45.680675
M,IN,INR,A,2005-12,45.623186
M,IN,INR,A,2006-01,44.32697
M,IN,INR,A,2006-02,44.278058
M,IN,INR,A,2006-03,44.406351
M,IN,INR,A,2006-04,44.895759
M,IN,INR,A,2006-05,45.349044
M,IN,INR,A,2006-06,45.964287
M,IN,INR,A,2006-07,46.426473
M,IN,INR,A,2006-08,46.505511
M,IN,INR,A,2006-09,46.058559
M,IN,INR,A,2006-10,45.40484
M,IN,INR,A,2006-11,44.782728
M,IN,INR,A,2006-12,44.549788
M,IN,INR,A,2007-01,44.242281
M,IN,INR,A,2007-02,44.058014
M,IN,INR,A,2007-03,43.796399
M,IN,INR,A,2007-04,41.911926
M,IN,INR,A,2007-05,40.668588
M,IN,INR,A,2007-06,40.686498
M,IN,INR,A,2007-07,40.342684
M,IN,INR,A,2007-08,40.729885
M,IN,INR,A,2007-09,40.231716
M,IN,INR,A,2007-10,39.402173
M,IN,INR,A,2007-11,39.360267
M,IN,INR,A,2007-12,39.368408
M,IN,INR,A,2008-01,39.270983
M,IN,INR,A,2008-02,39.669915
M,IN,INR,A,2008-03,40.188253
M,IN,INR,A,2008-04,39.996067
M,IN,INR,A,2008-05,42.137472
M,IN,INR,A,2008-06,42.798559
M,IN,INR,A,2008-07,42.810033
M,IN,INR,A,2008-08,42.964338
M,IN,INR,A,2008-09,45.520993
M,IN,INR,A,2008-10,48.514641
M,IN,INR,A,2008-11,48.812381
M,IN,INR,A,2008-12,48.476463
M,IN,INR,A,2009-01,48.732567
M,IN,INR,A,2009-02,49.191393
M,IN,INR,A,2009-03,51.206147
M,IN,INR,A,2009-04,50.073429
M,IN,INR,A,2009-05,48.493517
M,IN,INR,A,2009-06,47.745891
M,IN,INR,A,2009-07,48.435847
M,IN,INR,A,2009-08,48.331416
M,IN,INR,A,2009-09,48.360601
M,IN,INR,A,2009-10,46.719172
M,IN,INR,A,2009-11,46.561921
M,IN,INR,A,2009-12,46.598661
M,IN,INR,A,2010-01,45.921593
M,IN,INR,A,2010-02,46.347239
M,IN,INR,A,2010-03,45.498183
M,IN,INR,A,2010-04,44.474133
M,IN,INR,A,2010-05,45.871562
M,IN,INR,A,2010-06,46.575814
M,IN,INR,A,2010-07,46.836289
M,IN,INR,A,2010-08,46.582396
M,IN,INR,A,2010-09,45.990426
M,IN,INR,A,2010-10,44.425031
M,IN,INR,A,2010-11,44.998574
M,IN,INR,A,2010-12,45.119178
M,IN,INR,A,2011-01,45.444252
M,IN,INR,A,2011-02,45.435447
M,IN,INR,A,2011-03,44.969881
M,IN,INR,A,2011-04,44.394225
M,IN,INR,A,2011-05,44.937699
M,IN,INR,A,2011-06,44.842587
M,IN,INR,A,2011-07,44.415067
M,IN,INR,A,2011-08,45.36496
M,IN,INR,A,2011-09,47.658523
M,IN,INR,A,2011-10,49.285598
M,IN,INR,A,2011-11,50.791083
M,IN,INR,A,2011-12,52.522753
M,IN,INR,A,2012-01,51.197583
M,IN,INR,A,2012-02,49.1978
M,IN,INR,A,2012-03,50.403962
M,IN,INR,A,2012-04,51.812474
M,IN,INR,A,2012-05,54.47138
M,IN,INR,A,2012-06,56.01639
M,IN,INR,A,2012-07,55.426469
M,IN,INR,A,2012-08,55.535195
M,IN,INR,A,2012-09,54.49421
M,IN,INR,A,2012-10,53.07324
M,IN,INR,A,2012-11,54.822263
M,IN,INR,A,2012-12,54.646414
M,IN,INR,A,2013-01,54.24363
M,IN,INR,A,2013-02,53.850727
M,IN,INR,A,2013-03,54.427459
M,IN,INR,A,2013-04,54.333561
M,IN,INR,A,2013-05,55.061479
M,IN,INR,A,2013-06,58.406113
M,IN,INR,A,2013-07,59.769353
M,IN,INR,A,2013-08,63.071268
M,IN,INR,A,2013-09,63.896438
M,IN,INR,A,2013-10,61.612587
M,IN,INR,A,2013-11,62.626136
M,IN,INR,A,2013-12,61.855358
M,IN,INR,A,2014-01,62.092845
M,IN,INR,A,2014-02,62.197126
M,IN,INR,A,2014-03,60.986503
M,IN,INR,A,2014-04,60.352524
M,IN,INR,A,2014-05,59.296068
M,IN,INR,A,2014-06,59.742616
M,IN,INR,A,2014-07,60.053118
M,IN,INR,A,2014-08,60.880534
M,IN,INR,A,2014-09,60.902123
M,IN,INR,A,2014-10,61.383819
M,IN,INR,A,2014-11,61.702492
M,IN,INR,A,2014-12,62.750777
M,IN,INR,A,2015-01,62.127985
M,IN,INR,A,2015-02,62.060003
M,IN,INR,A,2015-03,62.507222
M,IN,INR,A,2015-04,62.749088
M,IN,INR,A,2015-05,63.78329
M,IN,INR,A,2015-06,63.841815
M,IN,INR,A,2015-07,63.657459
M,IN,INR,A,2015-08,65.104408
M,IN,INR,A,2015-09,66.213696
M,IN,INR,A,2015-10,65.075532
M,IN,INR,A,2015-11,66.173864
M,IN,INR,A,2015-12,66.547421
M,IN,INR,A,2016-01,67.407629
M,IN,INR,A,2016-02,68.257846
M,IN,INR,A,2016-03,66.945572
M,IN,INR,A,2016-04,66.479807
M,IN,INR,A,2016-05,66.930688
M,IN,INR,A,2016-06,67.292875
M,IN,INR,A,2016-07,67.194144
M,IN,INR,A,2016-08,66.920763
M,IN,INR,A,2016-09,66.733506
M,IN,INR,A,2016-10,66.731599
M,IN,INR,A,2016-11,67.664608
M,IN,INR,A,2016-12,67.85614
M,IN,INR,A,2017-01,68.098877
M,IN,INR,A,2017-02,66.984848
M,IN,INR,A,2017-03,65.823713
M,IN,INR,A,2017-04,64.539288
M,IN,INR,A,2017-05,64.450711
M,IN,INR,A,2017-06,64.455023
M,IN,INR,A,2017-07,64.45638
M,IN,INR,A,2017-08,63.986356
M,IN,INR,A,2017-09,64.462392
M,IN,INR,A,2017-10,65.071886
M,IN,INR,A,2017-11,64.854238
M,IN,INR,A,2017-12,64.266335
M,IN,INR,A,2018-01,63.654439
M,IN,INR,A,2018-02,64.435412
M,IN,INR,A,2018-03,65.054934
M,IN,INR,A,2018-04,65.702752
M,IN,INR,A,2018-05,67.551007
M,IN,INR,A,2018-06,67.786743
M,IN,INR,A,2018-07,68.716034
M,IN,INR,A,2018-08,69.639795
M,IN,INR,A,2018-09,72.229002
M,IN,INR,A,2018-10,73.619441
M,IN,INR,A,2018-11,71.753184
M,IN,INR,A,2018-12,70.816106
M,IN,INR,A,2019-01,70.774544
M,IN,INR,A,2019-02,71.234619
M,IN,INR,A,2019-03,69.50756
M,IN,INR,A,2019-04,69.409239
M,IN,INR,A,2019-05,69.80985
M,IN,INR,A,2019-06,69.428644
M,IN,INR,A,2019-07,68.751616
M,IN,INR,A,2019-08,71.174543
M,IN,INR,A,2019-09,71.399432
M,IN,INR,A,2019-10,71.040744
M,IN,INR,A,2019-11,71.47012
M,IN,INR,A,2019-12,71.183558
M,IN,INR,A,2020-01,71.289605
M,IN,INR,A,2020-02,71.510946
M,IN,INR,A,2020-03,74.526435
M,IN,INR,A,2020-04,76.21759
M,IN,INR,A,2020-05,75.674093
M,IN,INR,A,2020-06,75.721254
M,IN,INR,A,2020-07,74.922385
M,IN,INR,A,2020-08,74.595697
M,IN,INR,A,2020-09,73.545565
M,IN,INR,A,2020-10,73.535524
M,IN,INR,A,2020-11,74.216223
M,IN,INR,A,2020-12,73.632669
M,IN,INR,A,2021-01,73.120054
M,IN,INR,A,2021-02,72.802874
M,IN,INR,A,2021-03,72.824742
M,IN,INR,A,2021-04,74.64591
M,IN,INR,A,2021-05,73.20969
M,IN,INR,A,2021-06,73.575495
M,IN,INR,A,2021-07,74.534735
M,IN,INR,A,2021-08,74.124449
M,IN,INR,A,2021-09,73.604971
M,IN,INR,A,2021-10,74.953777
M,IN,INR,A,2021-11,74.473561
M,IN,INR,A,2021-12,75.352399
M,IN,INR,A,2022-01,74.444012
M,IN,INR,A,2022-02,74.971907
M,IN,INR,A,2022-03,76.228148
M,IN,INR,A,2022-04,76.171185
M,IN,INR,A,2022-05,77.309526
M,IN,INR,A,2022-06,78.095657
M,IN,INR,A,2022-07,79.596326
M,IN,INR,A,2022-08,79.536995
M,IN,INR,A,2022-09,80.240606
M,IN,INR,A,2022-10,82.354363
M,IN,INR,A,2022-11,81.701479
M,IN,INR,A,2022-12,82.479831
M,IN,INR,A,2023-01,81.854937
M,IN,INR,A,2023-02,82.596541
M,IN,INR,A,2023-03,82.306583
M,IN,INR,A,2023-04,81.99678
M,IN,INR,A,2023-05,82.322671
M,IN,INR,A,2023-06,82.210951
M,IN,INR,A,2023-07,82.148483
M,IN,INR,A,2023-08,82.8241
M,IN,INR,A,2023-09,83.058366
M,IN,INR,A,2023-10,83.212726
M,IN,INR,A,2023-11,83.278994
M,IN,INR,A,2023-12,83.281037
M,IN,INR,A,2024-01,83.112024
M,IN,INR,A,2024-02,82.967509
M,IN,INR,A,2024-03,83.011992
M,IN,INR,A,2024-04,83.398692
M,IN,INR,A,2024-05,83.38491
M,IN,INR,A,2024-06,83.475074
M,IN,INR,A,2024-07,83.599017
M,IN,INR,A,2024-08,83.912549
M,IN,INR,A,2024-09,83.811913
M,IN,INR,A,2024-10,84.028033
M,IN,INR,A,2024-11,84.35734
M,IN,INR,A,2024-12,84.978151
M,IN,INR,A,2025-01,86.289648
M,IN,INR,A,2025-02,87.044671
M,IN,INR,A,2025-03,86.519274
M,IN,INR,A,2025-04,85.586366
M,IN,INR,A,2025-05,85.248385
M,IN,INR,A,2025-06,85.946915
M,IN,INR,A,2025-07,86.160244
M,IN,INR,A,2025-08,87.558293
M,IN,INR,A,2025-09,88.305816
M,IN,INR,A,2025-10,88.419079
M,IN,INR,A,2025-11,88.848166
M,IN,INR,A,2025-12,90.029331
M,IN,INR,A,2026-01,90.879089
M,IN,INR,A,2026-02,90.765439
M,IN,INR,A,2026-03,92.874469
M,IN,INR,A,2026-04,93.52383
